"AUTO, OTHER MOTOR VEHICLES","BUILDING MATERIALS, GARDEN EQ. & SUPPLY DEALERS","CLOTHING & CLOTHING ACCESSORIES STORES","DEPARTMENT STORES","ELECTRONICS & APPLIANCE STORES","FOOD & BEVERAGE STORES","FOOD SERVICES & DRINKING PLACES","FURNITURE & HOME FURNISHING STORES","GASOLINE STATIONS","GENERAL MERCHANDISE STORES","GROCERY STORES","HEALTH & PERSONAL CARE STORES","MISCELLANEOUS STORES RETAILERS","MOTOR VEHICLE & PARTS DEALERS","NONSTORE RETAILERS","RETAIL TOTAL (EXCL. FOOD SERVICES)","SPORTING GOODS, HOBBY, MUSICAL INST. & BOOK STORES","Date"
30167,10845,9716,14134,3874,30437,17170,4254,12803,19879,27835,7421,4318,33478,6515,46925,3385,1992-01-01
30457,10904,9712,14472,3904,30382,16990,4342,12601,20202,27720,7425,4308,33817,6110,147223,3516,1992-02-01
29891,10986,9669,14543,3916,30526,16916,4330,12639,20168,27848,7443,4292,33336,6018,146805,3482,1992-03-01
30361,10738,9862,14529,3958,30602,16677,4359,12710,20258,27867,7516,4391,33776,6327,148032,3535,1992-04-01
30847,10777,9755,14634,3981,30718,16602,4331,12870,20345,27987,7458,4356,34357,6550,149010,3512,1992-05-01
31260,10790,9915,14597,3992,30761,16277,4401,12886,20298,28011,7417,4357,34781,6653,149800,3549,1992-06-01
31729,10785,9957,14469,4081,30963,16496,4368,12966,20205,28183,7292,4468,35199,6891,150761,3586,1992-07-01
31124,10915,10141,14729,4048,31041,16733,4372,13092,20593,28222,7508,4494,34585,6766,151067,3512,1992-08-01
32369,10980,10154,14816,4098,30942,16812,4345,13246,20684,28122,7420,4549,35890,6714,152588,3566,1992-09-01
32396,10971,10174,14870,4186,31148,17104,4299,13304,20851,28328,7535,4809,35972,6665,153521,3607,1992-10-01
32336,10873,10076,14994,4118,30992,17420,4368,13358,21078,28184,7497,5059,35928,6610,153583,3626,1992-11-01
32693,11082,10318,15310,4248,31057,17491,4428,13475,21752,28233,7526,5059,36272,6597,155614,3800,1992-12-01
34021,11333,10581,15334,4395,31045,17553,4637,13398,21383,28220,7518,5352,37621,6644,57555,3648,1993-01-01
33087,11410,10150,15119,4343,31233,17478,4507,13596,21392,28419,7651,4896,36723,6780,156266,3585,1993-02-01
32430,11184,9916,14985,4383,31058,17554,4463,13487,21273,28307,7605,4811,35955,7009,154752,3608,1993-03-01
34849,11417,10257,15406,4460,31129,17770,4564,13539,21759,28367,7683,5033,38521,6868,158979,3749,1993-04-01
35267,11720,10386,15523,4485,31164,17821,4642,13521,21993,28386,7666,4967,39006,7309,160605,3746,1993-05-01
35171,11669,10411,15517,4567,31168,18030,4609,13461,21957,28377,7680,5153,38892,6858,160127,3702,1993-06-01
36479,11781,10593,15757,4642,31349,17927,4640,13502,22343,28554,7756,5064,40290,7046,162816,3810,1993-07-01
36689,11875,10406,15775,4667,31126,18201,4645,13372,22315,28357,7678,5115,40504,6999,162506,3804,1993-08-01
36342,11786,10549,15785,4729,31201,18515,4640,13416,22429,28478,7772,5222,40203,7486,163258,3825,1993-09-01
37020,11908,10449,15985,4710,31346,18199,4663,13755,22647,28618,7758,5432,40857,7343,164685,3817,1993-10-01
38267,12297,10475,15987,4741,31363,18153,4693,13754,22760,28625,7784,5159,42077,7561,166594,3930,1993-11-01
39035,12583,10442,15988,4794,31499,18238,4693,13627,22905,28773,7989,5377,42796,7438,168161,4018,1993-12-01
38676,12316,10450,16036,4837,31468,17624,4571,13656,22706,28722,7865,5288,42660,7720,67518,3981,1994-01-01
39648,12233,10587,16203,4949,31688,18425,4775,13875,23070,28923,7729,5282,43685,7681,169649,4095,1994-02-01
40435,12767,10806,16663,5052,31700,18813,4910,13911,23657,28914,7911,5593,44475,7853,172766,4131,1994-03-01
40972,13076,10554,16337,5090,31899,18533,4916,13867,23354,29111,7838,5464,45072,7941,173106,4035,1994-04-01
40081,13033,10451,16301,5185,31858,18600,4971,13773,23271,29025,7955,5756,44098,7859,172329,4119,1994-05-01
40475,12987,10612,16478,5313,32123,18889,5018,14059,23626,29311,8014,5739,44541,8074,174241,4135,1994-06-01
40339,13130,10672,16543,5330,31964,18962,5046,14322,23635,29149,8084,5933,44477,8077,174781,4111,1994-07-01
41053,13224,10839,16635,5411,32222,18868,5165,14685,23889,29410,8126,6012,45232,8241,177295,4249,1994-08-01
42187,13375,10674,16676,5508,32401,18978,5177,14649,23995,29545,8190,6092,46314,8106,178787,4306,1994-09-01
42856,13550,11000,16796,5635,32196,19010,5260,14709,24255,29343,8214,6048,47041,8306,180561,4347,1994-10-01
43014,13384,10983,16866,5753,32370,19028,5199,14878,24356,29520,8190,6074,47203,8092,180703,4221,1994-11-01
42718,13981,10952,16949,5834,32294,19178,5254,14885,24583,29443,8287,6021,46941,8237,181524,4255,1994-12-01
42991,13738,10939,17205,5892,32625,19160,5265,14915,24936,29791,8306,5955,47224,8182,82413,4436,1995-01-01
41749,13613,10582,16680,5827,32399,18911,5081,14963,24115,29604,8304,6097,45902,8307,179488,4298,1995-02-01
42482,13587,10850,16904,5849,32415,19234,5130,14921,24579,29619,8304,6134,46681,8216,181013,4347,1995-03-01
42782,13415,10796,16985,5733,32312,19346,5181,15021,24747,29499,8450,6265,47056,8365,181686,4345,1995-04-01
43442,13370,10976,16997,5956,32540,19450,5216,15215,24851,29763,8424,6372,47718,8518,183536,4380,1995-05-01
45312,13548,10948,17269,6000,32597,19419,5217,15333,25166,29812,8482,6288,49652,8429,186081,4421,1995-06-01
44520,13645,10824,17487,5965,32466,19489,5318,15249,25375,29675,8431,6398,48832,8499,185431,4429,1995-07-01
45351,13683,10813,17231,6159,32547,19715,5304,15227,25174,29721,8488,6502,49748,8699,186806,4462,1995-08-01
44783,13837,11198,17440,6141,32625,19640,5407,15194,25469,29735,8611,6413,49188,8842,187366,4441,1995-09-01
44867,13932,10882,17188,6212,32578,19611,5429,15007,25135,29692,8584,6419,49271,8702,186565,4414,1995-10-01
45343,14092,11269,17283,6263,32744,19609,5516,14981,25414,29858,8691,6520,49863,9170,189055,4532,1995-11-01
45687,14683,11124,17332,6281,32903,19625,5445,15246,25554,29994,8761,6566,50163,9543,190774,4505,1995-12-01
45865,14023,11105,17082,6191,33085,19564,5302,15479,25215,30105,8546,6202,50349,9038,89135,4600,1996-01-01
47731,14036,11341,17336,6248,32928,19742,5346,15457,25616,29990,8782,6339,52288,9400,192266,4485,1996-02-01
47809,14153,11376,17248,6365,33076,19862,5566,15951,25576,30125,8991,6473,52348,9606,194029,4548,1996-03-01
46962,14340,11422,17675,6373,33174,19932,5595,16252,26103,30220,8922,6772,51531,9632,194744,4628,1996-04-01
47604,14450,11504,17624,6428,33178,20094,5586,16488,26216,30245,9076,7128,52200,9519,196205,4432,1996-05-01
47172,14902,11365,17544,6334,33281,19932,5678,16352,26085,30288,9072,7050,51798,9610,196136,4609,1996-06-01
47359,14826,11316,17581,6234,33470,20145,5696,16075,26209,30493,9134,7018,52004,9550,196187,4655,1996-07-01
46899,14981,11360,17737,6340,33542,20140,5655,16066,26441,30555,9237,6918,51472,9468,196218,4738,1996-08-01
48567,14989,11534,17866,6438,33494,20397,5762,16088,26590,30565,9190,7011,53184,9889,198859,4690,1996-09-01
48718,15040,11577,18017,6428,33704,20551,5779,16360,26904,30766,9363,7110,53450,10025,200509,4769,1996-10-01
48006,15264,11318,17970,6356,33734,20789,5768,16602,26772,30768,9414,7154,52710,10390,200174,4692,1996-11-01
48069,14980,11435,18117,6305,33819,20707,5746,16759,27051,30879,9505,7144,52835,10765,201284,4940,1996-12-01
49223,15197,11513,18138,6128,34049,21110,5823,16938,27216,31030,9448,7295,54010,10006,2371,4748,1997-01-01
49794,15561,11468,18185,6370,33989,21136,5847,16984,27262,30991,9649,7539,54601,10350,204286,4666,1997-02-01
49373,15862,11623,18238,6360,34156,21171,5916,16969,27304,31109,9922,7459,54233,10488,204990,4698,1997-03-01
49005,15709,11195,18096,6456,34056,21216,5968,16613,27179,31065,9578,7417,53861,10642,203399,4725,1997-04-01
47406,15805,11413,18194,6400,33978,21230,6004,16367,27328,30987,9722,7181,52191,10547,201699,4763,1997-05-01
49176,15918,11643,18276,6440,33892,21382,6034,16378,27433,30804,9916,7474,54066,10643,204675,4838,1997-06-01
50346,15973,11735,18529,6525,34106,21689,6039,16396,27949,31022,9950,7464,55255,10836,207014,4786,1997-07-01
50536,16027,11828,18556,6541,34256,21674,6146,16682,27939,31160,9989,7562,55488,10432,207635,4745,1997-08-01
50355,16283,11845,18446,6559,34281,21986,6162,16757,27868,31171,10077,7664,55334,10669,208326,4827,1997-09-01
49941,16232,11881,18580,6572,34348,21758,6154,16711,28155,31225,10058,7704,54856,10529,208078,4878,1997-10-01
50318,16158,11936,18652,6628,34230,21504,6267,16638,28151,31125,10217,7707,55314,10675,208936,5015,1997-11-01
50945,16356,12110,18427,6659,34190,21818,6290,16536,28008,31063,10201,7845,55763,10490,209363,4915,1997-12-01
50551,16436,12154,18474,6776,34126,21921,6377,16225,28402,30989,10382,8070,55494,10390,9666,4834,1998-01-01
49882,16462,12199,18698,6797,34102,22132,6342,16054,28748,30915,10406,7948,54841,10626,209552,5027,1998-02-01
51122,16511,12164,18529,6788,34275,22251,6340,15703,28714,31123,10393,7957,56135,10844,210832,5008,1998-03-01
52518,16716,12459,18649,6766,34374,22353,6369,15798,29123,31169,10620,7916,57464,10992,213633,5036,1998-04-01
52842,16741,12304,18653,6829,34534,22436,6359,16057,29076,31358,10645,8037,57882,11189,214639,4986,1998-05-01
54306,16662,12447,18553,6921,34592,22634,6426,15933,29170,31435,10672,8064,59264,11103,216337,5083,1998-06-01
51326,16819,12559,18489,6960,34856,22570,6447,16087,29113,31673,10828,8240,56320,11580,214841,5032,1998-07-01
50016,16828,12460,18548,7047,34950,22743,6444,15851,29274,31744,11019,8334,54997,11375,213636,5057,1998-08-01
52181,16972,12180,18589,6954,34916,22830,6419,15812,29559,31702,10985,8378,57196,11302,215720,5047,1998-09-01
54221,17209,12540,18692,6940,35093,23066,6504,15948,29720,31864,11106,8444,59294,11577,219483,5108,1998-10-01
54802,17341,12736,18805,7000,35140,23157,6666,16014,30094,31920,11232,8448,59817,11553,221134,5093,1998-11-01
55400,17702,12746,18855,6964,35533,23351,6687,16399,30129,32291,11311,8622,60473,11459,223179,5154,1998-12-01
55418,17732,12897,19059,7000,35447,22871,6617,16394,30664,32225,11415,8454,60535,11720,23997,5122,1999-01-01
56116,17943,12920,19351,7024,35707,23270,6767,16309,31094,32465,11498,8615,61260,11821,226250,5292,1999-02-01
56554,17760,13075,19372,7116,35652,23250,6831,16529,31390,32419,11595,8503,61641,12052,227417,5273,1999-03-01
56965,17791,13139,19075,7195,36013,23440,6794,17115,31009,32700,11619,8590,62150,12345,229037,5277,1999-04-01
58046,17914,13373,19032,7230,36060,23500,6884,17186,31165,32776,11741,8585,63211,12558,231235,5328,1999-05-01
58287,17969,13373,19270,7286,35872,23546,6986,17070,31652,32633,11837,8481,63452,12558,231903,5367,1999-06-01
59314,18183,13270,19203,7378,36126,23508,6954,17704,31549,32891,11857,8350,64509,12742,233948,5326,1999-07-01
60563,18341,13404,19191,7281,36117,23664,7147,18135,31806,32878,11848,8519,65713,12965,236566,5290,1999-08-01
59792,18175,13381,19343,7410,36411,23836,7292,18339,32152,33121,11993,8597,65150,13196,237481,5385,1999-09-01
59175,18606,13400,19256,7400,36271,24265,7324,18632,32085,32968,12155,8661,64519,13127,237553,5373,1999-10-01
60835,18944,13416,19116,7350,36300,24421,7272,18992,32161,32972,12258,9058,66269,13110,240544,5414,1999-11-01
60559,19125,13573,19249,7498,37665,24378,7246,20095,33101,34270,12801,9489,65909,13528,245485,5455,1999-12-01
62306,19613,13301,19204,7605,35613,24608,7484,19358,32179,32239,12381,9136,67679,13855,43436,5232,2000-01-01
63801,19193,13532,19158,7674,35980,24887,7548,20214,32576,32567,12386,9163,69085,14241,247133,5541,2000-02-01
63027,20175,13818,19227,7652,36559,25367,7599,20819,33105,33117,12580,9189,68433,14261,249825,5635,2000-03-01
60592,18986,13801,19208,7813,37008,25215,7729,19907,32879,33541,12733,9056,65812,14458,245831,5649,2000-04-01
60492,18941,14027,19397,7611,36717,25193,7673,20242,33339,33221,12814,8760,65781,14539,246201,5757,2000-05-01
61345,18878,13864,19217,7435,37175,25262,7593,20885,33408,33644,12864,8785,66638,14949,248160,5686,2000-06-01
59995,18982,13722,19132,7397,37038,25454,7748,20905,33586,33479,12967,8789,65205,15037,247176,5800,2000-07-01
60075,18951,14072,19203,7440,37110,25342,7682,20574,33823,33554,13034,8666,65311,15280,247576,5633,2000-08-01
61360,18926,14366,19362,7588,37308,25711,7665,21327,34146,33729,13233,8925,66850,15775,251837,5728,2000-09-01
61017,18965,14231,19319,7416,37476,25706,7737,21412,34280,33867,13302,8870,66208,15698,251221,5626,2000-10-01
59479,18689,14294,19529,7392,37700,25698,7580,21906,34458,34071,13340,8829,64645,15883,250331,5615,2000-11-01
58207,19356,14084,19677,7346,38033,25133,7160,22124,34734,34558,13527,8631,63524,16538,250658,5601,2000-12-01
60970,19248,14135,19904,7376,37903,26180,7764,21931,35601,34229,13413,8466,65926,15505,52654,5386,2001-01-01
61168,19698,14166,19170,7334,38252,26069,7611,21615,34655,34602,13582,8665,66188,15223,252704,5715,2001-02-01
60635,19562,13801,18542,7267,38133,26122,7549,20652,34069,34477,13650,8897,65671,15354,250328,5723,2001-03-01
61803,20373,14217,19073,7212,38369,26045,7560,21618,35364,34727,13643,8527,66933,15289,254763,5658,2001-04-01
61922,20147,13950,18991,7135,38439,26278,7559,22628,35202,34781,13812,8752,67039,14876,255218,5679,2001-05-01
61566,19900,13804,18889,7246,38569,26379,7613,21928,35114,34866,13843,8693,66710,14981,254022,5621,2001-06-01
60916,19838,13994,19121,7298,38506,26507,7671,20686,35720,34792,13879,8671,66067,14964,252997,5703,2001-07-01
61183,19920,14171,19093,7276,38738,26853,7628,20878,35915,35043,14004,8691,66350,15214,254560,5775,2001-08-01
58857,19664,13286,18864,7141,38832,26239,7419,21336,35822,35152,13894,8377,63929,14473,249845,5672,2001-09-01
75352,20054,13973,18955,7237,38944,26541,7543,20033,36229,35270,14298,8456,80455,14979,267999,5798,2001-10-01
67325,19982,13970,19135,7662,39161,26597,7694,19245,36656,35414,14280,8548,72413,14837,260514,6066,2001-11-01
63109,20120,14126,19038,7825,38996,27156,7869,18950,37054,35208,14350,8432,68220,14810,256549,5797,2001-12-01
62485,20359,14220,18935,7604,38833,27201,7847,19130,36811,35130,14525,8447,67665,15091,56307,5775,2002-01-01
62979,20515,14357,18811,7643,38885,27384,7932,19068,36974,35114,14747,8616,68168,15054,257670,5711,2002-02-01
61460,20370,14436,18905,7690,38913,27203,7936,19813,37144,35160,14745,8380,66570,15345,257059,5717,2002-03-01
63025,21274,14410,19018,7616,38568,27500,7874,20856,37491,34827,14940,8579,68251,15675,261333,5799,2002-04-01
59858,20874,14220,18530,7678,38713,27378,7959,20930,37114,34941,14903,8539,65062,15850,257573,5731,2002-05-01
62104,20725,14366,18604,7656,38723,27586,7831,20733,37417,34933,14947,8639,67354,15725,259786,5670,2002-06-01
64660,20674,14200,18297,7543,38834,27616,7741,21438,37132,35044,15004,8575,69944,16018,262769,5666,2002-07-01
66924,20683,14338,18261,7520,38647,27607,7837,21182,37202,34874,15120,8740,72204,15881,265043,5689,2002-08-01
62794,20732,13966,18041,7511,38599,27784,7832,21272,37059,34865,15288,8724,68066,15725,260626,5852,2002-09-01
62319,20603,14625,18541,7522,38693,27623,7789,21659,37816,34990,15298,8579,67553,15977,261953,5839,2002-10-01
62718,20969,14456,18010,7545,38886,27916,7963,22009,37698,35157,15348,8362,67931,16416,263568,5985,2002-11-01
64635,20415,14714,17917,7660,39072,28017,7927,22464,37716,35257,15293,8569,69794,16497,265930,5809,2002-12-01
64454,21270,14565,17807,7439,39412,28018,7824,23073,37740,35669,15441,8565,69673,16434,67230,5794,2003-01-01
61336,20041,14142,17670,7354,39285,27979,7501,23885,38030,35570,15534,8372,66535,16933,263188,5576,2003-02-01
63363,21326,14465,17763,7364,39318,28505,7854,23968,38391,35549,15677,8405,68628,16764,267820,5660,2003-03-01
64330,21139,14434,17687,7440,39441,28403,7895,22581,38321,35638,15705,8359,69580,16593,267197,5709,2003-04-01
64353,21328,14651,17838,7563,39019,29048,8062,21810,38483,35225,15791,8525,69660,16722,267362,5748,2003-05-01
64984,22003,14894,17912,7650,39480,29230,8084,21777,38866,35676,15934,8537,70325,16938,270396,5908,2003-06-01
65680,22372,15141,18140,7731,39808,29395,8115,22196,39404,35957,16182,8497,71049,17049,273352,5808,2003-07-01
67538,22489,15089,18207,7914,39833,29844,8156,23073,40085,35890,16345,8618,72919,17312,277965,6132,2003-08-01
65684,22630,15175,18157,7909,39878,29503,8214,23214,39896,35918,16339,8442,71184,17595,276430,5954,2003-09-01
64341,22869,15067,17889,7984,39776,30045,8244,22714,39649,35763,16434,8591,69817,17778,274764,5841,2003-10-01
66239,22864,15338,17810,8030,39631,30229,8358,23472,39945,35679,16500,8530,71738,17881,278298,6011,2003-11-01
64681,22748,15456,17791,8127,39809,29795,8312,23994,40084,35808,16648,8576,70103,17742,277612,6013,2003-12-01
63831,22637,15513,17800,8104,40443,30341,8307,24889,40436,36402,16287,8665,69270,18275,78913,6087,2004-01-01
65586,22727,15687,17871,8080,39922,30461,8375,25256,40519,35890,16133,8481,71093,18566,280932,6093,2004-02-01
66560,24992,15984,18165,8117,40419,30703,8585,25679,41079,36365,16526,8552,72137,18072,286209,6067,2004-03-01
64479,24565,15567,17752,8218,40399,30560,8519,25518,40662,36312,16476,8685,69960,18442,282952,5941,2004-04-01
67280,24420,15736,17921,8241,40635,30712,8389,27011,41332,36528,16462,8869,72821,18351,288252,5985,2004-05-01
63515,24622,15555,17695,8297,40608,30825,8572,27050,40756,36508,16570,8446,68991,18649,284133,6017,2004-06-01
65708,24538,15645,17888,8337,40631,31191,8868,26745,41197,36526,16554,8554,71238,18927,287358,6124,2004-07-01
65839,24713,15660,17896,8335,40771,31036,8675,26552,41323,36680,16610,8567,71365,19178,287941,6192,2004-08-01
69215,25045,15764,17943,8422,41045,31430,8604,27161,41555,36951,16635,8596,74729,19472,293139,6111,2004-09-01
68248,24842,16055,18016,8494,41177,31625,8806,28656,42042,37078,16739,8677,73858,19675,295115,6094,2004-10-01
67804,24974,16044,17942,8479,41404,31659,8722,29349,42179,37286,16813,8877,73407,19789,296177,6140,2004-11-01
69644,25679,16183,18137,8513,41534,32111,8905,29046,42656,37423,16882,8914,75387,19942,299763,6122,2004-12-01
66148,26126,16125,18034,8555,41691,32000,8856,28375,42556,37628,17116,8784,72083,20237,96696,6192,2005-01-01
67949,25797,16674,18173,8765,41757,32469,8908,29015,43183,37553,17292,8949,73773,20175,300557,6269,2005-02-01
68419,26219,16293,17818,8784,41800,32273,8840,29498,42949,37645,17245,8890,74147,20506,301308,6137,2005-03-01
67796,26520,16636,18153,8820,42283,32823,8994,30009,43601,38049,17350,8839,73649,20741,303760,6318,2005-04-01
67471,26510,16514,17808,8775,42081,32746,8963,29140,43423,37908,17413,8932,73225,20568,301776,6232,2005-05-01
73811,26569,16824,18263,8828,42363,33009,9093,29889,44354,38143,17392,8879,79639,21024,310989,6135,2005-06-01
75821,26538,16450,17858,8877,42184,33056,9084,30976,44017,37960,17635,8927,81605,20988,313520,6239,2005-07-01
67954,26814,16759,17822,8868,42542,33261,9193,33399,44214,38320,17548,8881,73787,21767,310046,6274,2005-08-01
64858,27111,16450,17557,8955,42845,33283,9244,36116,44502,38577,17707,9010,70627,21951,310673,6155,2005-09-01
62054,27664,17120,18070,9047,42842,33618,9315,35911,45267,38559,17742,9086,67853,22255,310479,6377,2005-10-01
67189,27674,17142,18048,8965,42823,34022,9319,33185,45226,38508,17859,9151,73211,22461,313303,6287,2005-11-01
67308,27324,17207,17765,8889,43191,33932,9260,33154,44778,38847,18005,9044,73332,22827,313473,6462,2005-12-01
70547,29686,17331,18107,9395,42681,34983,9561,34298,45710,38254,18000,9620,76757,22574,22348,6735,2006-01-01
68077,29479,17384,17981,9101,43379,34535,9439,34174,45774,38889,18124,9512,74108,23068,320171,6629,2006-02-01
68596,29289,17385,17888,9185,43233,34796,9431,34195,45635,38866,18222,9398,74609,23677,320869,6610,2006-03-01
68909,28905,17542,17932,9165,43269,34862,9402,35646,46048,38891,18294,9507,74898,23305,322561,6580,2006-04-01
68180,27864,17492,17757,9132,43654,34910,9368,36159,45806,39242,18466,9475,74081,23794,321794,6503,2006-05-01
69407,27339,17701,17847,9130,43782,34695,9485,36228,45956,39372,18584,9324,75369,23762,323184,6524,2006-06-01
69950,27327,17691,17584,9126,43827,34802,9442,36963,45838,39411,18640,9287,75964,23638,324204,6461,2006-07-01
69157,27358,17635,17490,9124,44160,35367,9422,37696,46043,39705,18757,9305,75187,24225,325324,6412,2006-08-01
68476,26994,18256,17826,9158,43846,35725,9549,34935,46712,39356,18933,9378,74579,24206,323236,6690,2006-09-01
69373,27161,18126,17657,8953,44542,35784,9375,32912,46679,40002,19044,9501,75447,24349,322678,6589,2006-10-01
70063,26647,17910,17609,9158,44572,35923,9311,33322,46800,39989,19276,9563,76064,24259,323343,6461,2006-11-01
69320,27100,18497,17713,9478,44730,36881,9334,34895,47344,40153,19385,9876,75438,24206,326849,6566,2006-12-01
69294,27533,18493,18064,9229,44856,36435,9609,34244,48034,40253,19423,9629,75399,24243,27181,6489,2007-01-01
69794,27088,18144,17586,9123,45274,36053,9369,34932,47293,40646,19401,9489,75841,25505,327953,6494,2007-02-01
69224,27506,18643,17798,9026,45271,36579,9406,35999,48132,40572,19540,9771,75472,25034,330579,6779,2007-03-01
70074,26610,18189,17480,9008,44988,36627,9430,36350,47679,40416,19572,9586,76205,25303,329560,6640,2007-04-01
70918,27144,18545,17521,9090,45454,36732,9331,37996,47887,40740,19650,9843,77186,25271,334202,6805,2007-05-01
68600,26638,18388,17328,9023,45627,37078,9264,37310,47852,40870,19880,9988,74794,25462,331076,6850,2007-06-01
68703,26860,18522,17559,9088,45754,37272,9315,36963,48412,41044,19831,9759,74932,25970,332342,6936,2007-07-01
70288,26625,18491,17527,9274,45643,37189,9300,37223,48704,40954,20014,9740,76549,25826,334169,6780,2007-08-01
70881,26412,18412,17260,9174,45853,37427,9141,38210,48288,41095,20132,9783,77176,26112,335442,6749,2007-09-01
71206,26248,18431,17292,9293,46113,37759,9142,39307,48540,41379,19988,9620,77617,26397,337530,6834,2007-10-01
69638,26566,18759,17346,9562,46624,37727,9094,41985,49047,41868,19938,9632,75921,27065,341133,6940,2007-11-01
67126,25634,18570,17199,9368,46831,38109,9009,41593,49302,41998,19825,9688,73345,26268,336189,6756,2007-12-01
67606,25721,18542,16813,9175,46862,37824,8873,42423,48951,42159,20120,10074,73834,26019,37412,6818,2008-01-01
65976,25659,18280,16822,9196,46707,37249,8594,42504,48927,42016,20279,9380,72206,26101,334584,6751,2008-02-01
65537,25456,18338,16697,9171,46883,37552,8631,43044,48990,42168,20288,9355,71774,26530,335193,6733,2008-03-01
63765,25292,18384,16708,9286,47356,37729,8606,42933,49433,42584,20172,9277,70052,27243,334843,6809,2008-04-01
62769,25650,18642,16916,9530,47355,38089,8587,44344,50375,42549,20536,9310,69143,27526,337947,6949,2008-05-01
60739,25700,18708,17059,9305,47568,38144,8473,46547,50762,42683,20497,9308,67161,27403,338311,6879,2008-06-01
57934,25897,18635,16779,9329,47845,38267,8369,46813,50582,42899,20640,9583,64397,27823,336771,6858,2008-07-01
58687,25329,18524,16645,9201,47988,38239,8154,45645,50131,43063,20620,9163,64985,27374,334045,6931,2008-08-01
56200,25217,17560,16079,8814,47740,38386,7722,45777,49436,42834,20654,9080,62549,27258,328343,6536,2008-09-01
50253,24568,17317,16016,8732,47703,38120,7735,40584,49260,42768,20659,8914,56599,26333,314830,6426,2008-10-01
48542,23196,17173,16329,8737,47363,38018,7640,31776,49464,42496,20789,8630,54984,25149,301332,6431,2008-11-01
47728,22909,16868,15839,8351,46942,38066,7460,27999,48906,42136,20682,8564,54123,24751,294025,6470,2008-12-01
49379,22758,17159,15861,8884,47639,38256,7363,28818,49288,42771,20753,8511,55790,25049,98673,6661,2009-01-01
47822,22498,17401,15627,8844,46928,37945,7285,29860,49199,42101,20906,8746,54188,25241,297631,6535,2009-02-01
46853,22149,16510,15532,8099,46912,37447,7041,28825,48840,42069,20908,8615,53100,24941,292300,6360,2009-03-01
47280,22092,16900,15638,8049,47133,37738,7067,28747,48887,42288,21059,8677,53557,24932,293614,6514,2009-04-01
47827,22310,17038,15727,8026,47219,37755,7087,30488,49085,42300,21121,8426,54089,25159,296501,6453,2009-05-01
50407,22332,16817,15427,8039,47350,37714,7092,33375,48792,42530,21055,8465,56611,25768,302169,6473,2009-06-01
51605,21883,17015,15493,7965,47330,37715,7039,33066,48812,42480,21027,8352,57748,26110,302802,6455,2009-07-01
56161,21474,17233,15539,8000,47309,37645,6991,34658,48934,42401,21070,8313,62263,26150,309023,6628,2009-08-01
47483,21363,17172,15493,7965,47559,37474,6981,34800,49220,42691,21231,8385,53534,26339,301033,6484,2009-09-01
50371,20661,17296,15620,7920,47603,37500,6915,34885,49725,42763,21278,8360,56469,26634,304154,6408,2009-10-01
51339,20931,17105,15482,8208,47689,37700,6991,36573,49156,42808,21288,8406,57355,26666,306675,6307,2009-11-01
50990,20849,17127,15459,8068,48134,37659,7024,37182,49657,43192,21195,8591,57079,26984,308413,6523,2009-12-01
50816,20566,17346,15578,8232,47877,37660,7011,37358,49864,43028,21144,8376,56920,27280,8529,6555,2010-01-01
49638,20448,17362,15483,8482,48705,38267,7123,36950,50489,43735,21199,8246,55856,27256,308520,6404,2010-02-01
54633,21883,17880,15757,8122,48274,38339,7235,37160,50382,43304,21363,8706,60953,27817,316269,6494,2010-03-01
55332,23518,17728,15547,8289,48205,38658,7121,37182,50494,43186,21492,8570,61823,27745,318612,6445,2010-04-01
55204,21742,17612,15366,8366,48202,38659,7117,36537,49927,43266,21378,8623,61617,27775,315356,6460,2010-05-01
55026,21544,17532,15361,8492,47914,38877,7072,35809,49958,42963,21683,8802,61478,28462,315250,6504,2010-06-01
56047,21499,17552,15227,8361,47919,39033,7094,35731,49928,43011,21755,8607,62510,28095,315546,6495,2010-07-01
55897,21268,17672,15236,8329,48258,39402,7130,36189,50161,43258,21841,8640,62551,28774,317345,6532,2010-08-01
56502,21336,17670,15193,8383,48631,39385,7108,37319,50276,43601,21933,8776,63136,28884,319914,6462,2010-09-01
58135,22040,17984,15151,8265,48575,39479,7039,38519,50270,43493,22105,8932,64805,28976,324043,6533,2010-10-01
58792,21964,18510,15698,8114,49136,39710,7104,39272,51344,44077,22180,8891,65498,28951,327635,6671,2010-11-01
58466,22099,18212,15320,8285,49157,39508,7062,41279,50937,44184,22312,8898,65244,29672,329741,6584,2010-12-01
59677,21484,18322,15248,8218,49682,39658,6992,41732,50862,44684,22579,8822,66286,30617,32140,6544,2011-01-01
60656,21193,18532,15452,8347,50070,40382,7145,42294,51463,44961,22451,9122,67320,30117,334674,6620,2011-02-01
60775,21863,18719,15319,8442,50075,40536,7397,43737,51587,45068,22584,8848,67587,30452,337935,6644,2011-03-01
60132,22066,18923,15603,8529,50805,40624,7321,44604,52151,45723,22448,9052,66876,30737,340149,6637,2011-04-01
59027,22324,18864,15272,8416,50427,41050,7245,45300,51768,45365,22585,8968,65855,30923,339232,6557,2011-05-01
59625,22720,19179,15585,8430,50940,41540,7227,44698,52378,45791,22630,9073,66654,31136,341657,6592,2011-06-01
59475,22761,18975,15246,8557,50948,41516,7263,44712,52086,45797,22728,9171,66429,31209,341274,6435,2011-07-01
58685,22786,18911,15098,8615,51177,41718,7333,45159,52128,46034,22822,9218,65792,31632,342228,6655,2011-08-01
61682,22637,19508,15297,8493,51047,42013,7384,45127,52660,45840,22718,9159,68823,31447,345696,6693,2011-09-01
62787,23242,19086,15128,8795,51334,42204,7303,44846,52422,46047,22783,9065,69812,32494,347717,6535,2011-10-01
63236,22904,19370,15151,8638,51435,42237,7385,45622,52592,46185,22782,9045,70293,32785,349352,6501,2011-11-01
64592,23447,19526,15132,8462,51185,41864,7530,45243,52509,46035,22717,8875,71614,32538,349973,6327,2011-12-01
64453,23618,19615,15013,8513,51540,42766,7637,45702,53153,46248,22857,9299,71646,32405,52610,6625,2012-01-01
65522,23573,20148,15214,8529,51662,42995,7627,47171,53822,46353,23022,9433,72589,32909,357233,6748,2012-02-01
65788,24570,20035,15192,8698,52112,42942,7587,47448,53701,46753,22967,9184,72775,32883,358862,6902,2012-03-01
65867,23390,19519,14837,8559,52299,43365,7510,46913,53243,46927,23021,9193,72871,33173,356550,6859,2012-04-01
66626,22748,19679,14680,8704,52284,43313,7645,45808,53159,46873,22883,8897,73572,33794,356050,6877,2012-05-01
65639,22571,19874,14766,8668,52212,43584,7552,43811,53200,46842,22471,9090,72581,33729,352556,6797,2012-06-01
65960,22697,19741,14813,8750,52276,43676,7650,43484,53292,46956,22770,9173,73004,34147,353782,6798,2012-07-01
66948,23075,19939,14753,8656,52295,43755,7600,46434,53568,47013,22763,9093,73859,34423,358397,6692,2012-08-01
68220,23696,20093,14673,8619,52506,44085,7614,46966,53376,47131,22608,9111,75275,34740,361281,6677,2012-09-01
67769,23820,19935,14570,8350,52860,43796,7416,48212,53690,47449,22482,9148,74807,34714,362129,6695,2012-10-01
68791,24108,20020,14438,8660,52750,44567,7641,46822,53496,47310,22684,9083,75763,35305,363013,6681,2012-11-01
69889,24130,20168,14442,8800,52593,44494,7959,45787,53622,47097,22940,9329,76859,35322,364299,6790,2012-12-01
70663,24402,20418,14744,8828,52644,45138,7906,45970,54048,47219,23230,9224,77647,35754,67100,7029,2013-01-01
71712,24824,20299,14530,8904,53203,44861,7850,48895,54471,47641,23093,9288,78801,35737,372389,7024,2013-02-01
70861,24800,20295,14418,8683,53071,45042,7851,47392,54149,47577,23146,9384,77849,35648,369175,6907,2013-03-01
71342,24974,20477,14208,8741,52680,44711,7814,45918,54096,47245,23065,9341,78295,35344,367557,6812,2013-04-01
72404,25461,20356,14310,8737,53197,44800,7733,45257,54334,47728,23201,9358,79464,35366,369337,6873,2013-05-01
74096,24969,20345,14181,8760,53155,44680,7956,45527,54269,47711,23196,9206,81097,35573,370962,6909,2013-06-01
74421,25564,20553,14074,8708,53548,45032,7937,45621,54474,48013,23464,9237,81458,35915,373426,6947,2013-07-01
73977,25513,20285,14032,8710,53665,45133,7982,45216,54299,48085,23506,9334,81086,36041,372414,6777,2013-08-01
72641,25519,20273,14088,8654,53744,45330,8041,45245,54644,48190,23914,9527,79715,35935,372091,6880,2013-09-01
73918,25159,20750,14218,8771,53865,45924,8140,44590,54714,48339,23933,9515,81123,35929,373352,6863,2013-10-01
74325,25104,20233,14050,8651,53940,46737,8202,44267,54600,48337,23990,9597,81597,36737,373819,6901,2013-11-01
73755,25269,20531,13947,8608,54524,46311,7913,46125,54444,48875,24022,9429,81058,37785,376575,6867,2013-12-01
71451,25200,20467,13679,8637,54715,45917,7751,46512,54321,49018,24027,9287,78614,36598,72607,6478,2014-01-01
73938,25123,20503,14097,8677,54681,46418,8048,46926,55139,49046,24158,9429,81181,37578,378256,6813,2014-02-01
76718,25620,20612,14058,8725,54803,47057,8186,46219,55209,49131,24293,9510,83961,38128,382077,6811,2014-03-01
78109,26544,21112,14405,8706,55143,47142,8297,46508,55691,49419,24553,9408,85336,38277,386506,6931,2014-04-01
78390,26785,20698,14177,8588,55362,47536,8276,46146,55672,49641,24894,9574,85507,38407,386815,6906,2014-05-01
78630,26989,20727,13960,8516,55865,47704,8287,45084,55672,50008,25076,9640,85660,39227,387726,6983,2014-06-01
78989,26478,20864,14059,8607,56036,48065,8312,45085,55771,50219,25142,9669,86014,39140,388072,6954,2014-07-01
79665,27015,20982,14081,8684,56183,48346,8447,45192,56125,50342,25254,9803,86770,39669,391304,7180,2014-08-01
78880,26977,20764,13852,8880,56348,48929,8396,44682,55757,50545,25400,9772,85961,39766,389778,7075,2014-09-01
79176,26920,21059,13850,8826,56626,49541,8407,43731,55927,50741,25289,9950,86269,40163,390348,7181,2014-10-01
79824,27121,21310,13903,9040,56597,49598,8524,42825,55992,50743,25430,9885,87305,40518,391679,7132,2014-11-01
79817,26813,21232,13958,9019,56880,50379,8656,39695,56047,50898,25588,9875,86863,40697,388421,7056,2014-12-01
80761,27057,20943,13920,8876,56909,50644,8619,35811,56140,50969,25818,9903,87943,40520,85466,6927,2015-01-01
79371,26077,21207,13761,8737,56977,50547,8424,37026,55780,51039,25617,9818,86646,41517,384793,6967,2015-02-01
82993,27117,21310,13889,8552,56967,50932,8677,37522,55986,50984,26216,9834,90323,41381,390948,7063,2015-03-01
83414,27349,21351,13723,8650,56864,51614,8788,36922,55840,50845,25806,9807,90840,41698,390986,7071,2015-04-01
84152,27399,21544,13929,8704,56944,51688,8965,38339,56370,50952,25804,10070,91620,41640,394518,7119,2015-05-01
84054,27164,21290,13682,8839,57155,51783,8796,38939,56243,51121,25984,10100,91602,41909,395115,7094,2015-06-01
83983,27957,21430,13624,8650,57374,52047,8940,39227,56478,51302,26257,10144,91567,42544,397720,7152,2015-07-01
84679,28045,21496,13585,8661,57410,52390,8977,38115,56243,51327,26440,10224,92169,42616,397585,7189,2015-08-01
85265,27874,21345,13643,8694,57246,52386,8958,35948,56656,51194,26807,9816,92696,43088,396353,7225,2015-09-01
84797,28040,21116,13575,8612,57017,52781,9036,35494,56309,51034,26578,9804,92247,43333,394715,7129,2015-10-01
85431,28352,21284,13569,8446,57450,52985,9036,34982,56497,51435,26728,9923,93000,43305,396257,7254,2015-11-01
85075,28884,21390,13410,8464,57265,53855,9227,34792,56657,51154,27009,9854,92569,43615,397123,7397,2015-12-01
84661,28977,21211,13173,8319,57526,53115,9093,33455,55778,51481,26819,9876,92292,44516,95210,7348,2016-01-01
86938,29020,21864,13167,8432,57553,54262,9134,31890,56611,51314,27357,9839,94522,44746,398293,7325,2016-02-01
85102,29733,21413,13075,8289,57040,53936,9085,33195,56397,50886,27226,10080,92595,44845,397196,7298,2016-03-01
85654,28772,21327,12820,8309,57674,54221,9068,34150,56253,51504,27445,10222,93044,45323,398813,7226,2016-04-01
85755,28350,21489,12652,8334,57962,54248,9116,34953,56091,51706,27368,10068,93202,46227,400435,7275,2016-05-01
86196,29117,21585,12912,8309,58285,54229,9262,36116,56405,51995,27557,10131,93729,46806,404859,7557,2016-06-01
87717,28866,21346,12685,8386,57967,54264,9194,35673,56153,51673,27508,10097,95136,46783,404315,7206,2016-07-01
87831,28796,21716,12716,8484,58172,54677,9172,34898,56211,51886,27414,10003,95324,47118,404345,7037,2016-08-01
88760,28963,21792,12620,8170,58480,55265,9376,35767,55716,52109,27413,10270,96191,47434,406628,7056,2016-09-01
88699,29103,21617,12476,8067,58803,55249,9225,36705,56130,52451,26559,10425,96201,48075,407991,7081,2016-10-01
88272,29337,21516,12250,7887,58843,56233,9186,36432,55993,52452,26806,10039,95663,48099,406761,6960,2016-11-01
90456,29306,21826,12206,8063,58842,55323,9111,38019,55859,52564,26931,10196,98403,49113,412753,7084,2016-12-01
90747,29845,21863,12376,8163,59238,57232,9307,38604,57145,52860,26898,10207,98325,49730,16600,7275,2017-01-01
90167,30162,21503,12203,8092,59516,57358,9322,38942,56370,53164,27221,10396,97626,50005,416224,7069,2017-02-01
88068,29957,21674,12200,8291,60006,57229,9373,38545,56706,53647,27367,10303,95626,50619,415464,6997,2017-03-01
88867,30299,21669,12203,8401,60144,57325,9266,38338,57032,53728,27563,10382,96469,51389,418010,7058,2017-04-01
89257,30025,21560,12098,8249,60303,57363,9329,36807,56302,53850,27598,10152,96792,51774,415879,6988,2017-05-01
90144,30036,21710,12167,8177,60109,57159,9381,36243,57341,53689,27796,10154,97631,52124,417639,6937,2017-06-01
90135,30230,21541,11988,8093,60188,57137,9347,36081,57044,53790,27859,10403,97700,52544,417908,6878,2017-07-01
87865,30331,21724,11983,8108,60458,57472,9420,37278,57284,53981,28118,10362,95319,52834,418181,6945,2017-08-01
92304,31432,21844,12028,8181,61090,57838,9368,39278,58008,54630,28224,10469,99932,53367,428218,7025,2017-09-01
93233,31043,21770,11934,8247,61331,58106,9614,39270,57763,54773,28359,10510,100732,52837,428529,7053,2017-10-01
91593,31402,22067,11964,8356,61455,58807,9719,40396,57828,54882,28446,10674,99195,55155,431841,7148,2017-11-01
91455,31459,21768,11838,8326,61804,59119,9723,40956,58295,55275,28383,10749,99301,56015,433877,7098,2017-12-01
91604,30524,21867,12025,8358,61661,59402,9619,41388,58355,55021,28429,11002,99148,55911,33198,6936,2018-01-01
90749,31333,22426,12030,8483,61747,59782,9686,41878,58496,55077,28207,10943,98296,56359,435033,7179,2018-02-01
91209,30901,21863,11431,8404,61934,60237,9753,41418,57948,55240,28392,10835,98761,57047,434510,7254,2018-03-01
91580,30952,22103,12137,8533,62231,59544,9941,41176,58039,55545,28612,10766,99140,57804,436423,7126,2018-04-01
92028,31793,22966,12304,8441,62214,60815,9802,42175,59866,55490,29069,10910,99674,57487,441536,7139,2018-05-01
91925,32290,22441,11849,8479,62042,61482,9810,42255,58742,55349,28850,10834,99558,57488,439651,6862,2018-06-01
91988,32292,22686,11932,8385,62436,62293,9848,42446,59008,55716,29078,10555,99704,58445,441541,6658,2018-07-01
90531,32056,22168,11834,8420,62229,62634,9732,42861,59211,55552,29310,10763,98197,58694,440241,6600,2018-08-01
90809,32202,22269,11648,8268,62454,61378,9729,42470,59047,55661,29239,10749,98576,59544,441029,6482,2018-09-01
91878,32791,22643,11795,8314,62660,61798,9739,44100,59386,55835,29517,10990,99640,59967,446238,6491,2018-10-01
92052,32004,22758,11809,8251,62629,61577,9706,42187,59945,55821,29923,10979,99780,62173,446894,6559,2018-11-01
93278,32018,22223,11412,8133,62245,61588,9660,39419,58988,55486,28801,10866,101002,56149,435953,6449,2018-12-01
91458,33530,22068,11441,8147,63462,61616,9535,38831,59079,56660,29699,10616,99055,62884,43420,6514,2019-01-01
91542,31585,21970,11490,8032,62025,62219,9651,40646,58594,55248,29887,10650,99357,63494,442467,6576,2019-02-01
94681,31654,22338,11438,8105,63158,62677,9787,42097,59467,56334,29907,10825,102693,63306,449925,6588,2019-03-01
94094,31750,22245,11478,8042,63326,63076,9853,42929,59703,56502,29820,11083,102079,64511,452012,6671,2019-04-01
94476,31200,22150,11396,8101,63397,63714,9872,42480,59486,56622,30065,11159,102437,66089,453199,6763,2019-05-01
94646,31298,22271,11285,8070,63856,64358,9926,41538,59553,57005,30017,11265,102590,67027,454256,6845,2019-06-01
95294,31779,22407,11443,8133,64586,64713,9855,42201,60043,57692,29897,11239,103219,67423,457485,6703,2019-07-01
97048,32617,22276,11267,8103,64603,64609,9881,41591,59769,57701,29824,11482,105133,67965,459938,6694,2019-08-01
96007,32159,22246,11132,8134,64095,64984,9999,41398,59507,57220,29933,11435,103935,67688,457277,6748,2019-09-01
96901,32177,22154,11139,8089,64073,64875,9916,42046,59716,57201,30241,11576,104919,68307,459978,6764,2019-10-01
98460,32308,22021,11101,8059,64354,64254,9937,42295,59610,57438,29819,11652,106504,67675,460760,6526,2019-11-01
96848,32807,22644,11002,8098,64522,64955,9746,42815,59643,57622,29770,11485,104837,67493,460512,6652,2019-12-01
97637,33922,22503,11032,8160,64384,65554,10139,42557,59963,57495,30017,11984,5634,68101,64062,6698,2020-01-01
97423,33314,22135,11013,8056,64329,65359,10133,41302,59895,57337,30006,11877,105229,68924,461914,6714,2020-02-01
70902,33544,11362,8607,6641,81607,45728,7897,34483,64986,73714,31552,10230,77997,72365,438221,5557,2020-03-01
61763,32815,3013,6181,3758,71116,30032,4034,26048,56129,63869,26952,7591,68468,79143,382734,3667,2020-04-01
93580,36826,8336,8416,5129,72663,39507,7224,29160,59458,64656,27360,8837,101837,84845,448201,6526,2020-05-01
101736,36699,17099,10086,7048,71775,47425,9575,33625,61048,63652,28318,10397,110236,82804,476881,8257,2020-06-01
NA,NA,NA,NA,NA,NA,NA,NA,NA,NA,NA,NA,NA,NA,NA,NA,NA,2020-07-01
NA,NA,NA,NA,NA,NA,NA,NA,NA,NA,NA,NA,NA,NA,NA,NA,NA,2020-08-01
NA,NA,NA,NA,NA,NA,NA,NA,NA,NA,NA,NA,NA,NA,NA,NA,NA,2020-09-01
NA,NA,NA,NA,NA,NA,NA,NA,NA,NA,NA,NA,NA,NA,NA,NA,NA,2020-10-01
NA,NA,NA,NA,NA,NA,NA,NA,NA,NA,NA,NA,NA,NA,NA,NA,NA,2020-11-01
NA,NA,NA,NA,NA,NA,NA,NA,NA,NA,NA,NA,NA,NA,NA,NA,NA,2020-12-01
